--
-- Cleanup
--

-- Manabonk game_event
UPDATE `game_event` SET `start_time`='0000-00-00 00:00:00', `end_time`='0000-00-00 00:00:00' WHERE `eventEntry`=33;
DELETE FROM `game_event_creature` WHERE `eventEntry` = 33 AND `guid` = 44457;
-- Manabonk spawn
DELETE FROM `creature` WHERE `guid` = 44457;

--
-- Templates
--

SET @ENTRY := 44000;
DELETE FROM `creature_template` WHERE `entry` BETWEEN @ENTRY AND @ENTRY+20;
INSERT INTO `creature_template` (`entry`, `difficulty_entry_1`, `difficulty_entry_2`, `difficulty_entry_3`, `KillCredit1`, `KillCredit2`, `modelid1`, `modelid2`, `modelid3`, `modelid4`, `name`, `subname`, `gossip_menu_id`, `minlevel`, `maxlevel`, `exp`, `faction`, `npcflag`, `speed_walk`, `speed_run`, `scale`, `rank`, `dmgschool`, `BaseAttackTime`, `RangeAttackTime`, `BaseVariance`, `RangeVariance`, `unit_class`, `unit_flags`, `unit_flags2`, `dynamicflags`, `family`, `trainer_type`, `trainer_spell`, `trainer_class`, `trainer_race`, `type`, `type_flags`, `lootid`, `pickpocketloot`, `skinloot`, `resistance1`, `resistance2`, `resistance3`, `resistance4`, `resistance5`, `resistance6`, `spell1`, `spell2`, `spell3`, `spell4`, `spell5`, `spell6`, `spell7`, `spell8`, `PetSpellDataId`, `VehicleId`, `mingold`, `maxgold`, `AIName`, `MovementType`, `HoverHeight`, `HealthModifier`, `ManaModifier`, `ArmorModifier`, `DamageModifier`, `ExperienceModifier`, `RacialLeader`, `movementId`, `RegenHealth`, `mechanic_immune_mask`, `spell_school_immune_mask`, `flags_extra`, `ScriptName`, `VerifiedBuild`) VALUES
--                                                                     name,                                      subname, gossip_menu_id, minlevel, maxlevel, exp, faction, npcflag, speed_walk, speed_run, scale, rank, dmgschool, BaseAttackTime, RangeAttackTime, BaseVariance, RangeVariance, unit_class, unit_flags, unit_flags2, dynamicflags, family, trainer_type, trainer_spell, trainer_class, trainer_race, type, type_flags, lootid, pickpocketloot, skinloot, resistance1, resistance2, resistance3, resistance4, resistance5, resistance6, spell1, spell2, spell3, spell4, spell5, spell6, spell7, spell8, PetSpellDataId, VehicleId, mingold, maxgold,    AIName, MovementType, HoverHeight, HealthModifier, ManaModifier, ArmorModifier, DamageModifier, ExperienceModifier, RacialLeader, movementId, RegenHealth, mechanic_immune_mask, spell_school_immune_mask, flags_extra,                     ScriptName,
(@ENTRY+00, 0, 0, 0, 0, 0, 28315, 0, 0, 0,              'Minigob Manacapón',                           'El mago travieso',              0,       82,       82,   2,      16,       0,    1.14286,   2.42857,     2,    3,         0,           2000,            2000,            1,             1,          8,        770,        2048,            0,      0,            0,             0,             0,            0,    7,          0,      0,              0,        0,           0,           0,           0,           0,           0,           0,      0,      0,      0,      0,      0,      0,      0,      0,              0,         0,       0,       0,        '',            0,           2,            250,          350,             5,              1,                  1,            0,          0,           1,            650854399,                        0,           0,        'boss_minigob_escape', 0),
(@ENTRY+01, 0, 0, 0, 0, 0, 28315, 0, 0, 0,              'Minigob Manacapón',                              'No es un clon',              0,       82,       82,   2,      16,       0,    1.14286,   2.42857,     1,    3,         0,           2000,            2000,            1,             1,          8,          0,        2048,            0,      0,            0,             0,             0,            0,    7,          0,      0,              0,        0,           0,           0,           0,           0,           0,           0,      0,      0,      0,      0,      0,      0,      0,      0,              0,         0,       0,       0,        '',            0,           2,            125,          175,             1,              1,                  1,            0,          0,           1,            617234399,                        0,           0,   'npc_minigob_escape_clone', 0),
(@ENTRY+02, 0, 0, 0, 0, 0, 16024, 0, 0, 0,                         'Rhonin',                        'Líder del Kirin Tor',              0,       83,       83,   2,    2007,       3,    1.14286,       1.6,     1,    3,         0,           2000,            2000,            1,             1,          2,      33538,        2048,            0,      0,            0,             0,             0,            0,    7,          4,      0,              0,        0,           0,           0,           0,           0,           0,           0,      0,      0,      0,      0,      0,      0,      0,      0,              0,         0,       0,       0,        '',            0,           1,           1000,          500,             1,             35,                  1,            0,         51,           1,            650854399,                        0,           2,  'npc_minigob_escape_rhonin', 0),
(@ENTRY+03, 0, 0, 0, 0, 0, 16024, 0, 0, 0,                         'Rhonin',                        'Líder del Kirin Tor',      @ENTRY+01,       83,       83,   2,    2007,       1,    1.14286,       1.6,     1,    3,         0,           2000,            2000,            1,             1,          2,      33538,        2048,            0,      0,            0,             0,             0,            0,    7,          4,      0,              0,        0,           0,           0,           0,           0,           0,           0,      0,      0,      0,      0,      0,      0,      0,      0,              0,         0,       0,       0,        '',            0,           1,           1000,          500,             1,             35,                  1,            0,         51,           1,            650854399,                        0,           2,                           '', 0),
(@ENTRY+04, 0, 0, 0, 0, 0, 16024, 0, 0, 0,                         'Rhonin',                        'Líder del Kirin Tor',      @ENTRY+02,       83,       83,   2,    2007,       1,    1.14286,       1.6,     1,    3,         0,           2000,            2000,            1,             1,          2,      33538,        2048,            0,      0,            0,             0,             0,            0,    7,          4,      0,              0,        0,           0,           0,           0,           0,           0,           0,      0,      0,      0,      0,      0,      0,      0,      0,              0,         0,       0,       0,        '',            0,           1,           1000,          500,             1,             35,                  1,            0,         51,           1,            650854399,                        0,           2,                           '', 0),
(@ENTRY+05, 0, 0, 0, 0, 0, 16024, 0, 0, 0,                         'Rhonin',                        'Líder del Kirin Tor',      @ENTRY+03,       83,       83,   2,    2007,       1,    1.14286,       1.6,     1,    3,         0,           2000,            2000,            1,             1,          2,      33538,        2048,            0,      0,            0,             0,             0,            0,    7,          4,      0,              0,        0,           0,           0,           0,           0,           0,           0,      0,      0,      0,      0,      0,      0,      0,      0,              0,         0,       0,       0,        '',            0,           1,           1000,          500,             1,             35,                  1,            0,         51,           1,            650854399,                        0,           2,                           '', 0),
(@ENTRY+06, 0, 0, 0, 0, 0, 16024, 0, 0, 0,                         'Rhonin',                        'Líder del Kirin Tor',              0,       83,       83,   2,    2007,       0,    1.14286,       1.6,     1,    3,         0,           2000,            2000,            1,             1,          2,      33538,        2048,            0,      0,            0,             0,             0,            0,    7,          4,      0,              0,        0,           0,           0,           0,           0,           0,           0,      0,      0,      0,      0,      0,      0,      0,      0,              0,         0,       0,       0,        '',            0,           1,           1000,          500,             1,             35,                  1,            0,         51,           1,            650854399,                        0,           2,                           '', 0),
(@ENTRY+07, 0, 0, 0, 0, 0, 29104, 0, 0, 0,           'Sistema de seguridad',              'Creación de Minigob Manacapón',              0,       83,       83,   2,      16,       0,        1.6,   2.42857,   1.5,    3,         0,           1000,            1000,            1,             1,          4,      32832,        2048,            0,      0,            0,             0,             0,            0,    5,     524352,      0,              0,        0,           0,           0,           0,           0,           0,           0,      0,      0,      0,      0,      0,      0,      0,      0,              0,         0,       0,       0,        '',            0,           1,            900,          200,             1,            100,                  1,            0,        381,           1,            650854399,                        0,           0,   'npc_minigob_escape_robot', 0),
(@ENTRY+08, 0, 0, 0, 0, 0, 20578, 0, 0, 0,              'Cristiano Ronaldo',                     'Juventus Football Club',      @ENTRY+00,       80,       80,   0,      35,       1,    1.14286,       1.6,     1,    0,         0,           2000,            2200,            1,             1,          2,        770,        2048,            0,      0,            0,             0,             0,            0,    7,          0,      0,              0,        0,           0,           0,           0,           0,           0,           0,      0,      0,      0,      0,      0,      0,      0,      0,              0,         0,       0,       0, 'SmartAI',            0,           1,              1,            1,             1,              1,                  1,            0,          0,           1,                    0,                        0,           0,                           '', 0),
(@ENTRY+09, 0, 0, 0, 0, 0,  3975, 0, 0, 0,                   'Amador Rivas',                             'Capitán Salami',              0,       80,       80,   0,      35,       0,    1.14286,       1.6,     1,    0,         0,           2000,            2200,            1,             1,          2,        770,        2048,            0,      0,            0,             0,             0,            0,    7,          0,      0,              0,        0,           0,           0,           0,           0,           0,           0,      0,      0,      0,      0,      0,      0,      0,      0,              0,         0,       0,       0, 'SmartAI',            0,           1,              2,            1,             1,              1,                  1,            0,          0,           1,                    0,                        0,           0,                           '', 0),
(@ENTRY+10, 0, 0, 0, 0, 0, 20579, 0, 0, 0,           'Pivón tomando el sol',                                           '',              0,       80,       80,   0,      35,       0,    1.14286,       1.6,     1,    0,         0,           2000,            2200,            1,             1,          2,        770,        2048,            0,      0,            0,             0,             0,            0,    7,          0,      0,              0,        0,           0,           0,           0,           0,           0,           0,      0,      0,      0,      0,      0,      0,      0,      0,              0,         0,       0,       0, 'SmartAI',            0,           1,              1,            1,             1,              1,                  1,            0,          0,           1,                    0,                        0,           0,                           '', 0),
(@ENTRY+11, 0, 0, 0, 0, 0, 29099, 0, 0, 0,         'Caballero de la Muerte',                              'Equipo Arthas',              0,       80,       80,   2,     974,       0,    1.14286,       1.6,     1,    0,         0,           2000,            2200,            1,             1,          2,        770,        2048,            0,      0,            0,             0,             0,            0,    7,          0,      0,              0,        0,           0,           0,           0,           0,           0,           0,      0,      0,      0,      0,      0,      0,      0,      0,              0,         0,       0,       0, 'SmartAI',            0,           1,            100,            1,             1,              1,                  1,            0,          0,           1,                    0,                        0,           0,                           '', 0),
(@ENTRY+12, 0, 0, 0, 0, 0, 20130, 0, 0, 0,               'Campeón Illidari',                             'Equipo Illidan',              0,       80,       80,   2,    1882,       0,    1.14286,       1.6,     1,    0,         0,           2000,            2200,            1,             1,          2,        770,        2048,            0,      0,            0,             0,             0,            0,    7,          0,      0,              0,        0,           0,           0,           0,           0,           0,           0,      0,      0,      0,      0,      0,      0,      0,      0,              0,         0,       0,       0, 'SmartAI',            0,           1,            100,            1,             1,              1,                  1,            0,          0,           1,                    0,                        0,           0,                           '', 0),
(@ENTRY+13, 0, 0, 0, 0, 0,  1928, 0, 0, 0,                'Fermín Trujillo',                                 'TeleEspeto',              0,       80,       80,   0,      35,       0,    1.14286,       1.6,     1,    0,         0,           2000,            2200,            1,             1,          2,        770,        2048,            0,      0,            0,             0,             0,            0,    7,          0,      0,              0,        0,           0,           0,           0,           0,           0,           0,      0,      0,      0,      0,      0,      0,      0,      0,              0,         0,       0,       0, 'SmartAI',            0,           1,              1,            1,             1,              1,                  1,            0,          0,           1,                    0,                        0,           0,                           '', 0),
(@ENTRY+14, 0, 0, 0, 0, 0, 27571, 0, 0, 0,             'Illidan Tempestira',                                 'El Traidor',              0,       83,       83,   2,    1882,       0,          2,   2.42857,     1,    3,         0,           1500,            2000,            1,             1,          2,        770,        2048,            0,      0,            0,             0,             0,            0,    3,        108,      0,              0,        0,           0,           0,           0,           0,           0,           0,      0,      0,      0,      0,      0,      0,      0,      0,              0,         0,       0,       0, 'SmartAI',            0,           1,            560,          150,             1,             35,                  1,            0,        188,           1,            650854399,                        0,           0,                           '', 0),
(@ENTRY+15, 0, 0, 0, 0, 0, 30721, 0, 0, 0,                 'El Rey Exánime',                                           '',              0,       83,       83,   2,     974,       0,          2,   2.42857,     1,    3,         0,           1500,            2000,            1,             1,          2,        770,        2048,            0,      0,            0,             0,             0,            0,    6,        108,      0,              0,        0,           0,           0,           0,           0,           0,           0,      0,      0,      0,      0,      0,      0,      0,      0,              0,         0,       0,       0, 'SmartAI',            0,           1,            560,          200,             1,             35,                  1,            0,        188,           1,            650854399,                        0,           0,                           '', 0),
(@ENTRY+16, 0, 0, 0, 0, 0,   169, 0, 0, 0,                         'Rhonin',                                           '',              0,       80,       80,   0,     114,       0,          1,         1,     1,    0,         0,           2000,            2000,            1,             1,          1,   33555200,        2048,            0,      0,            0,             0,             0,            0,   10,   16778240,      0,              0,        0,           0,           0,           0,           0,           0,           0,      0,      0,      0,      0,      0,      0,      0,      0,              0,         0,       0,       0,        '',            0,           1,           1.35,            1,             1,            7.5,                  1,            0,          0,           1,                    0,                        0,         130,                           '', 0),
(@ENTRY+17, 0, 0, 0, 0, 0,   169, 0, 0, 0,                        'Trigger',                                           '',              0,       80,       80,   0,     114,       0,          1,         1,     1,    0,         0,           2000,            2000,            1,             1,          1,   33555200,        2048,            0,      0,            0,             0,             0,            0,   10,   16778240,      0,              0,        0,           0,           0,           0,           0,           0,           0,      0,      0,      0,      0,      0,      0,      0,      0,              0,         0,       0,       0,        '',            0,           1,           1.35,            1,             1,            7.5,                  1,            0,          0,           1,                    0,                        0,         130, 'npc_minigob_escape_trigger', 0),
(@ENTRY+18, 0, 0, 0, 0, 0,   169, 0, 0, 0,           'Sistema de seguridad',                                           '',              0,       80,       80,   0,     114,       0,          1,         1,     1,    0,         0,           2000,            2000,            1,             1,          1,   33555200,        2048,            0,      0,            0,             0,             0,            0,   10,   16778240,      0,              0,        0,           0,           0,           0,           0,           0,           0,      0,      0,      0,      0,      0,      0,      0,      0,              0,         0,       0,       0,        '',            0,           1,           1.35,            1,             1,            7.5,                  1,            0,          0,           1,                    0,                        0,         130,                           '', 0),
(@ENTRY+19, 0, 0, 0, 0, 0, 21910, 0, 0, 0,             'Elemental de Hielo', 'Esbirro de emergencia de Minigob Manacapón',              0,       82,       82,   2,      16,       0,    1.14286,   1.14286,     3,    3,         0,           2000,            2000,            1,             1,          1,          0,        2048,            0,      0,            0,             0,             0,            0,    4,          0,      0,              0,        0,           0,           0,           0,           0,           0,           0,      0,      0,      0,      0,      0,      0,      0,      0,              0,         0,       0,       0,        '',            0,           1,             75,          125,             1,             15,                  1,            0,          0,           1,            650854399,                        0,           0,                           '', 0),
(@ENTRY+20, 0, 0, 0, 0, 0,  5488, 0, 0, 0, 'Elemental de Fuego esclavizado',                                           '',              0,       82,       82,   2,      16,       0,    1.14286,   1.14286,     2,    3,         0,           2000,            2000,            1,             1,          2,          0,        2048,            0,      0,            0,             0,             0,            0,    4,          0,      0,              0,        0,           0,           0,           0,           0,           0,           0,      0,      0,      0,      0,      0,      0,      0,      0,              0,         0,       0,       0,        '',            0,           1,            100,          150,             1,              1,                  1,            0,          0,           1,            650854399,                        0,           0,                           '', 0);

DELETE FROM `creature_template_addon` WHERE `entry` IN (@ENTRY+09, @ENTRY+04, @ENTRY+11, @ENTRY+12, @ENTRY+14, @ENTRY+15);
INSERT INTO `creature_template_addon` (`entry`, `path_id`, `mount`, `bytes1`, `bytes2`, `emote`, `auras`) VALUES
(@ENTRY+09, 0, 0, 0, 0,  10,    NULL), -- Amador Rivas
(@ENTRY+04, 0, 0, 0, 0,   0, '57626'), -- Rhonin 2
(@ENTRY+11, 0, 0, 0, 0, 333,    NULL), -- Caballero de la Muerte
(@ENTRY+12, 0, 0, 0, 0, 333,    NULL), -- Campeón Illidari
(@ENTRY+14, 0, 0, 0, 0, 333,    NULL), -- Illidan Tempestira
(@ENTRY+15, 0, 0, 0, 0, 333,    NULL); -- El Rey Exánime

DELETE FROM `creature_equip_template` WHERE `CreatureID` IN (@ENTRY+11, @ENTRY+12, @ENTRY+14, @ENTRY+15);
INSERT INTO `creature_equip_template` (`CreatureID`, `ID`, `ItemID1`, `ItemID2`, `ItemID3`, `VerifiedBuild`) VALUES
(@ENTRY+11, 1, 49623,     0, 0, 0), -- Caballero de la Muerte
(@ENTRY+12, 1, 30208, 30209, 0, 0), -- Campeón Illidari
(@ENTRY+14, 1, 32837, 32838, 0, 0), -- Illidan Tempestira
(@ENTRY+15, 1, 36942,     0, 0, 0); -- El Rey Exánime

DELETE FROM `item_template` WHERE (entry = 60000);
INSERT INTO `item_template` (`entry`, `class`, `subclass`, `SoundOverrideSubclass`, `name`, `displayid`, `Quality`, `Flags`, `FlagsExtra`, `BuyCount`, `BuyPrice`, `SellPrice`, `InventoryType`, `AllowableClass`, `AllowableRace`, `ItemLevel`, `RequiredLevel`, `RequiredSkill`, `RequiredSkillRank`, `requiredspell`, `requiredhonorrank`, `RequiredCityRank`, `RequiredReputationFaction`, `RequiredReputationRank`, `maxcount`, `stackable`, `ContainerSlots`, `StatsCount`, `stat_type1`, `stat_value1`, `stat_type2`, `stat_value2`, `stat_type3`, `stat_value3`, `stat_type4`, `stat_value4`, `stat_type5`, `stat_value5`, `stat_type6`, `stat_value6`, `stat_type7`, `stat_value7`, `stat_type8`, `stat_value8`, `stat_type9`, `stat_value9`, `stat_type10`, `stat_value10`, `ScalingStatDistribution`, `ScalingStatValue`, `dmg_min1`, `dmg_max1`, `dmg_type1`, `dmg_min2`, `dmg_max2`, `dmg_type2`, `armor`, `holy_res`, `fire_res`, `nature_res`, `frost_res`, `shadow_res`, `arcane_res`, `delay`, `ammo_type`, `RangedModRange`, `spellid_1`, `spelltrigger_1`, `spellcharges_1`, `spellppmRate_1`, `spellcooldown_1`, `spellcategory_1`, `spellcategorycooldown_1`, `spellid_2`, `spelltrigger_2`, `spellcharges_2`, `spellppmRate_2`, `spellcooldown_2`, `spellcategory_2`, `spellcategorycooldown_2`, `spellid_3`, `spelltrigger_3`, `spellcharges_3`, `spellppmRate_3`, `spellcooldown_3`, `spellcategory_3`, `spellcategorycooldown_3`, `spellid_4`, `spelltrigger_4`, `spellcharges_4`, `spellppmRate_4`, `spellcooldown_4`, `spellcategory_4`, `spellcategorycooldown_4`, `spellid_5`, `spelltrigger_5`, `spellcharges_5`, `spellppmRate_5`, `spellcooldown_5`, `spellcategory_5`, `spellcategorycooldown_5`, `bonding`, `description`, `PageText`, `LanguageID`, `PageMaterial`, `startquest`, `lockid`, `Material`, `sheath`, `RandomProperty`, `RandomSuffix`, `block`, `itemset`, `MaxDurability`, `area`, `Map`, `BagFamily`, `TotemCategory`, `socketColor_1`, `socketContent_1`, `socketColor_2`, `socketContent_2`, `socketColor_3`, `socketContent_3`, `socketBonus`, `GemProperties`, `RequiredDisenchantSkill`, `ArmorDamageModifier`, `duration`, `ItemLimitCategory`, `HolidayId`, `ScriptName`, `DisenchantID`, `FoodType`, `minMoneyLoot`, `maxMoneyLoot`, `flagsCustom`, `VerifiedBuild`) VALUES
(60000, 12, 0, 0, 'Cañón congelador', 42178, 1, 64, 0, 1, 0, 0, 0, -1, -1, 0, 0, 0, 0, 0, 0, 0, 0, 0, 0, 1, 0, 0, 0, 0, 0, 0, 0, 0, 0, 0, 0, 0, 0, 0, 0, 0, 0, 0, 0, 0, 0, 0, 0, 0, 0, 0, 0, 0, 0, 0, 0, 0, 0, 0, 0, 0, 0, 0, 0, 0, 70381, 0, -1, 0, -1, 0, -1, 0, 0, 0, 0, -1, 0, -1, 0, 0, 0, 0, -1, 0, -1, 0, 0, 0, 0, -1, 0, -1, 0, 0, 0, 0, -1, 0, -1, 4, '¿Quién demonios habrá creado esto?', 0, 0, 0, 0, 0, 4, 0, 0, 0, 0, 0, 0, 0, 0, 0, 0, 0, 0, 0, 0, 0, 0, 0, 0, -1, 0, 30, 0, 0, '', 0, 0, 0, 0, 0, 0);

DELETE FROM `quest_template` WHERE (ID = 30000);
INSERT INTO `quest_template` (`ID`, `QuestType`, `QuestLevel`, `MinLevel`, `QuestSortID`, `QuestInfoID`, `SuggestedGroupNum`, `RequiredFactionId1`, `RequiredFactionId2`, `RequiredFactionValue1`, `RequiredFactionValue2`, `RewardNextQuest`, `RewardXPDifficulty`, `RewardMoney`, `RewardBonusMoney`, `RewardDisplaySpell`, `RewardSpell`, `RewardHonor`, `RewardKillHonor`, `StartItem`, `Flags`, `RequiredPlayerKills`, `RewardItem1`, `RewardAmount1`, `RewardItem2`, `RewardAmount2`, `RewardItem3`, `RewardAmount3`, `RewardItem4`, `RewardAmount4`, `ItemDrop1`, `ItemDropQuantity1`, `ItemDrop2`, `ItemDropQuantity2`, `ItemDrop3`, `ItemDropQuantity3`, `ItemDrop4`, `ItemDropQuantity4`, `RewardChoiceItemID1`, `RewardChoiceItemQuantity1`, `RewardChoiceItemID2`, `RewardChoiceItemQuantity2`, `RewardChoiceItemID3`, `RewardChoiceItemQuantity3`, `RewardChoiceItemID4`, `RewardChoiceItemQuantity4`, `RewardChoiceItemID5`, `RewardChoiceItemQuantity5`, `RewardChoiceItemID6`, `RewardChoiceItemQuantity6`, `POIContinent`, `POIx`, `POIy`, `POIPriority`, `RewardTitle`, `RewardTalents`, `RewardArenaPoints`, `RewardFactionID1`, `RewardFactionValue1`, `RewardFactionOverride1`, `RewardFactionID2`, `RewardFactionValue2`, `RewardFactionOverride2`, `RewardFactionID3`, `RewardFactionValue3`, `RewardFactionOverride3`, `RewardFactionID4`, `RewardFactionValue4`, `RewardFactionOverride4`, `RewardFactionID5`, `RewardFactionValue5`, `RewardFactionOverride5`, `TimeAllowed`, `AllowableRaces`, `LogTitle`, `LogDescription`, `QuestDescription`, `AreaDescription`, `QuestCompletionLog`, `RequiredNpcOrGo1`, `RequiredNpcOrGo2`, `RequiredNpcOrGo3`, `RequiredNpcOrGo4`, `RequiredNpcOrGoCount1`, `RequiredNpcOrGoCount2`, `RequiredNpcOrGoCount3`, `RequiredNpcOrGoCount4`, `RequiredItemId1`, `RequiredItemId2`, `RequiredItemId3`, `RequiredItemId4`, `RequiredItemId5`, `RequiredItemId6`, `RequiredItemCount1`, `RequiredItemCount2`, `RequiredItemCount3`, `RequiredItemCount4`, `RequiredItemCount5`, `RequiredItemCount6`, `Unknown0`, `ObjectiveText1`, `ObjectiveText2`, `ObjectiveText3`, `ObjectiveText4`, `VerifiedBuild`) VALUES
(30000, 2, 82, 80, 0, 1, 5, 0, 0, 0, 0, 0, 7, 2000000, 0, 0, 0, 0, 0, 0, 4738, 0, 49426, 4, 0, 0, 0, 0, 0, 0, 0, 0, 0, 0, 0, 0, 0, 0, 0, 0, 0, 0, 0, 0, 0, 0, 0, 0, 0, 0, 0, 0, 0, 0, 0, 0, 0, 0, 0, 0, 0, 0, 0, 0, 0, 0, 0, 0, 0, 0, 0, 0, 0, 0, 'Esto acaba aquí', 'Derrota a Minigob Manacapón dondequiera que se encuentre.', 'No podemos seguir así.$B$BVosotros tenéis los buzones llenos de esos trastos inútiles que parece que fabrique por arrobas, pero nosotros tenemos el buzón tan lleno de quejas que Dalaran se esta empezando a escorar.$B$BCreo que sé donde se encuentra, pero el bastardo utiliza hechizos de protección... raros. Usaré un hechizo para teletransportaros a su posición, pero no tengo ni idea de lo que puede pasar.$B$BSi esto sale bien, usaré su cabeza como cuenco para dejar las llaves.$B$BHablad conmigo cuando estéis listos$B$B$B¡Suerte héroes!', '', 'Se nos ha escapado >.<', 44000, 0, 0, 0, 1, 0, 0, 0, 0, 0, 0, 0, 0, 0, 0, 0, 0, 0, 0, 0, 0, '', '', '', '', 0);

DELETE FROM `quest_template_addon` WHERE (ID = 30000);
INSERT INTO `quest_template_addon` (`ID`, `MaxLevel`, `AllowableClasses`, `SourceSpellID`, `PrevQuestID`, `NextQuestID`, `ExclusiveGroup`, `RewardMailTemplateID`, `RewardMailDelay`, `RequiredSkillID`, `RequiredSkillPoints`, `RequiredMinRepFaction`, `RequiredMaxRepFaction`, `RequiredMinRepValue`, `RequiredMaxRepValue`, `ProvidedItemCount`, `SpecialFlags`) VALUES
(30000, 0, 0, 0, 0, 0, 0, 0, 0, 0, 0, 0, 0, 0, 0, 0, 1);

--
-- Texts
--

-- creature_text
DELETE FROM `creature_text` WHERE `CreatureID` IN (@ENTRY+00, @ENTRY+06, @ENTRY+02, @ENTRY+07, @ENTRY+18, @ENTRY+08, @ENTRY+03, @ENTRY+09, @ENTRY+13, @ENTRY+10, @ENTRY+04, @ENTRY+05, @ENTRY+14, @ENTRY+15, @ENTRY+11, @ENTRY+12, @ENTRY+16);
DELETE FROM `creature_text` WHERE `CreatureID` = 16128 AND `GroupID` IN (8,9,10,11,12);
INSERT INTO `creature_text` (`CreatureID`, `GroupID`, `ID`, `Text`, `Type`, `Language`, `Probability`, `Emote`, `Duration`, `Sound`, `BroadcastTextId`, `TextRange`, `comment`) VALUES
(@ENTRY+00,  0, 0, '¿Qué hacéis vosotros aquí?',                                                                                                                              12, 0, 100,  1, 0, 0, 0, 0, 'Manabonk Escape - Manabonk - SAY_ENGAGE_0'),
(@ENTRY+00,  1, 0, '¿Acaso os ha molestado alguno de mis... "regalitos"?',                                                                                                    12, 0, 100,  1, 0, 0, 0, 0, 'Manabonk Escape - Manabonk - SAY_ENGAGE_1'),
(@ENTRY+00,  2, 0, '¡Jajajajajajaja!',                                                                                                                                        14, 0, 100, 11, 0, 0, 0, 0, 'Manabonk Escape - Manabonk - SAYSAY_ENGAGE_2'),
(@ENTRY+00,  3, 0, 'No tenéis ni la mas mínima idea de la que se os avecina',                                                                                                 12, 0, 100,  1, 0, 0, 0, 0, 'Manabonk Escape - Manabonk - SAY_ENGAGE_3'),
(@ENTRY+00,  4, 0, '¡Pronto todo el mundo conocerá el nombre de Minigob Manacapón!',                                                                                          14, 0, 100,  5, 0, 0, 0, 0, 'Manabonk Escape - Manabonk - SAY_ENGAGE_4'),
(@ENTRY+00,  5, 0, 'Espera, ¿dónde demonios he escuchado eso antes? ...',                                                                                                     12, 0, 100,  1, 0, 0, 0, 0, 'Manabonk Escape - Manabonk - SAY_ENGAGE_5'),
(@ENTRY+00,  6, 0, '¡Qué coño mas dá!',                                                                                                                                       14, 0, 100,  5, 0, 0, 0, 0, 'Manabonk Escape - Manabonk - SAY_ENGAGE_6'),
(@ENTRY+00,  7, 0, '¡Morid panda de gañanes!',                                                                                                                                14, 0, 100,  5, 0, 0, 0, 0, 'Manabonk Escape - Manabonk - SAY_ENGAGE_7'),
(@ENTRY+00,  8, 0, '¡¡¡VIVA ER BETIS!!!',                                                                                                                                     14, 0, 100,  5, 0, 0, 0, 0, 'Manabonk Escape - Manabonk - SAY_ENGAGE_8'),
(@ENTRY+00,  9, 0, 'Convenientemente colocaré una cobertura que os servirá de protección para una de mis siguientes habilidades, mejor no la uséis',                          12, 0, 100,  1, 0, 0, 0, 0, 'Manabonk Escape - Manabonk - SAY_SPELL_0'),
(@ENTRY+00, 10, 0, 'Me han dicho que este hechizo es un coñazo',                                                                                                              12, 0, 100,  1, 0, 0, 0, 0, 'Manabonk Escape - Manabonk - SAY_SPELL_1'),
(@ENTRY+00, 11, 0, '¡$n! ¡Si no aceptas tu oveja interior, no mereces vivir!',                                                                                                12, 0, 100,  1, 0, 0, 0, 0, 'Manabonk Escape - Manabonk - SAY_SPELL_2'),
(@ENTRY+00, 12, 0, 'Minigob Manacapón se ha lanzado un hechizo chungo, ¡Ojo!',                                                                                                41, 0, 100,  0, 0, 0, 0, 0, 'Manabonk Escape - Manabonk - SAY_SPELL_3'),
(@ENTRY+00, 13, 0, 'Hombre, tan fácil no os lo iba a poner',                                                                                                                  12, 0, 100,  1, 0, 0, 0, 0, 'Manabonk Escape - Manabonk - SAY_SLAY_0'),
(@ENTRY+00, 13, 1, 'Pss... ¿Para esto me molesto?',                                                                                                                           12, 0, 100,  1, 0, 0, 0, 0, 'Manabonk Escape - Manabonk - SAY_SLAY_0'),
(@ENTRY+00, 14, 0, '¿Con que esas tenemos? ¿Eh?',                                                                                                                             12, 0, 100,  1, 0, 0, 0, 0, 'Manabonk Escape - Manabonk - SAY_COMPLETED_1'),
(@ENTRY+00, 15, 0, 'Volveré.... Y ese hipoglúcido del Kirin se va a enterar de cuáles son las consecuencias de traicionar al mayor mago que jamás ha existido y existirá...', 12, 0, 100,  1, 0, 0, 0, 0, 'Manabonk Escape - Manabonk - SAY_COMPLETED_2'),
(@ENTRY+00, 16, 0, 'Todos confundidos miran de lado a lado buscando al susodicho mago',                                                                                       16, 0, 100,  0, 0, 0, 0, 0, 'Manabonk Escape - Manabonk - SAY_COMPLETED_3'),
(@ENTRY+00, 17, 0, '¡¡ME ESTABA REFIRIENDO A MÍ!!',                                                                                                                           14, 0, 100,  5, 0, 0, 0, 0, 'Manabonk Escape - Manabonk - SAY_COMPLETED_4'),
(@ENTRY+00, 18, 0, '¡Gigantesco pedazo de chatarra no te quedes ahí parado! ¡¡VEN A AYUDARME!!',                                                                              14, 0, 100,  5, 0, 0, 0, 0, 'Manabonk Escape - Manabonk - SAY_HELP_0'),
(@ENTRY+00, 19, 0, 'BUAH, paso olímpicamente. Tiro de cliché',                                                                                                                14, 0, 100,  1, 0, 0, 0, 0, 'Manabonk Escape - Manabonk - SAY_HELP_1'),
(@ENTRY+00, 20, 0, 'Jajajaja, me encanta cuando huyen :D',                                                                                                                    12, 0, 100,  1, 0, 0, 0, 0, 'Manabonk Escape - Manabonk - SAY_VANISH_0'),
(@ENTRY+00, 21, 0, 'No sé cómo cojones os habéis colado tantos, pero aquí el único que hace trampas soy yo',                                                                  12, 0, 100,  1, 0, 0, 0, 0, 'Manabonk Escape - Manabonk - SAY_VANISH_1'),
(@ENTRY+00, 22, 0, '¡Mira que lo he avisado!',                                                                                                                                14, 0, 100,  5, 0, 0, 0, 0, 'Manabonk Escape - Manabonk - SAY_SPELL_4'),
(@ENTRY+00, 23, 0, 'Minigob Manacapón mira a $n rojo de ira',                                                                                                                 41, 0, 100,  0, 0, 0, 0, 0, 'Manabonk Escape - Manabonk - SAY_SPELL_5'),
(@ENTRY+00, 24, 0, 'Volved cuando tengáis algo interesante que decir...',                                                                                                     12, 0, 100,  1, 0, 0, 0, 0, 'Manabonk Escape - Manabonk - SAY_WIPE_0'),
(@ENTRY+00, 25, 0, 'Contemplad el poder de mi.... elemental de hielo...',                                                                                                     12, 0, 100,  1, 0, 0, 0, 0, 'Manabonk Escape - Manabonk - SAY_HELP_2'),
(@ENTRY+00, 26, 0, 'Con lo chulo que hubiera quedado aquí decir "Tanque araña gigante"...',                                                                                   12, 0, 100,  1, 0, 0, 0, 0, 'Manabonk Escape - Manabonk - SAY_HELP_3'),
(@ENTRY+00, 27, 0, 'Ahí, ahí, quedaos quietecitos....',                                                                                                                       12, 0, 100,  1, 0, 0, 0, 0, 'Manabonk Escape - Manabonk - SAY_SPELL_6'),
(@ENTRY+00, 28, 0, '¡¡BASTA!!',                                                                                                                                               14, 0, 100,  5, 0, 0, 0, 0, 'Manabonk Escape - Manabonk - SAY_COMPLETED_0'),
(@ENTRY+00, 29, 0, 'No lo entiendo.',                                                                                                                                         12, 0, 100,  1, 0, 0, 0, 0, 'Manabonk Escape - Manabonk - SAY_THINK_0'),
(@ENTRY+00, 30, 0, 'Joer, que son "travesuras"',                                                                                                                              12, 0, 100,  1, 0, 0, 0, 0, 'Manabonk Escape - Manabonk - SAY_THINK_1'),
(@ENTRY+00, 31, 0, 'Tampoco es una cosa para ponerse así... vamos, digo yo',                                                                                                  12, 0, 100,  1, 0, 0, 0, 0, 'Manabonk Escape - Manabonk - SAY_THINK_2'),
(@ENTRY+00, 32, 0, 'Llegados a este punto, supongo que nada de esto importa',                                                                                                 12, 0, 100,  1, 0, 0, 0, 0, 'Manabonk Escape - Manabonk - SAY_THINK_3'),
(@ENTRY+00, 33, 0, 'Os he mostrado gran parte de mis poderes hasta ahora, pero aún me queda algún as en la manga...',                                                         12, 0, 100,  1, 0, 0, 0, 0, 'Manabonk Escape - Manabonk - SAY_THINK_4'),
-- Rhonin (original)
(16128,      8, 0, 'Voy a probar con este hechizo...',                                                        12, 0, 100, 1, 0, 0, 0, 0, 'Manabonk Escape - Rhonin - SAY_GOSSIP_0'),
(16128,      9, 0, 'No sé qué efectos podría causaros, espero que todo vaya bien...',                         12, 0, 100, 1, 0, 0, 0, 0, 'Manabonk Escape - Rhonin - SAY_GOSSIP_1'),
(16128,     10, 0, 'No menosprecio tu determinación, pero en esta misión ir solo es cuanto menos una locura', 12, 0, 100, 1, 0, 0, 0, 0, 'Manabonk Escape - Rhonin - SAY_GOSSIP_2_0'),
(16128,     11, 0, 'Vuelve cuando hayas encontrado compañeros de viaje',                                      12, 0, 100, 1, 0, 0, 0, 0, 'Manabonk Escape - Rhonin - SAY_GOSSIP_2_1'),
(16128,     12, 0, 'Hombre, es cierto que ha molestado mucho, pero tanto como para montar una banda...',      12, 0, 100, 1, 0, 0, 0, 0, 'Manabonk Escape - Rhonin - SAY_GOSSIP_3'),
-- Rhonin (combat)
(@ENTRY+06,  0, 0, 'Bueno, ya estamos todos aquí',                                                                          12, 0, 100,  1, 0, 0, 0, 0, 'Manabonk Escape - Rhonin - SAY_BEGIN_0'),
(@ENTRY+06,  1, 0, 'Perdonad por los "problemillas del viaje"',                                                             12, 0, 100,  1, 0, 0, 0, 0, 'Manabonk Escape - Rhonin - SAY_BEGIN_1'),
(@ENTRY+06,  2, 0, 'Este mente fría se ha hecho con el control de un vigilante de Ulduar... Por no decir que lo ha robado', 12, 0, 100,  1, 0, 0, 0, 0, 'Manabonk Escape - Rhonin - SAY_BEGIN_2'),
(@ENTRY+06,  3, 0, 'Y claro, este dispositivo funciona con una magia antigua y poderosa que interfiere con mis hechizos',   12, 0, 100,  1, 0, 0, 0, 0, 'Manabonk Escape - Rhonin - SAY_BEGIN_3'),
(@ENTRY+06,  4, 0, 'Solo lo diré una vez, no estáis ni de lejos preparados para poder matar esa cosa',                      12, 0, 100,  1, 0, 0, 0, 0, 'Manabonk Escape - Rhonin - SAY_BEGIN_4'),
(@ENTRY+06,  5, 0, 'Siempre que os mantengáis lejos de él, todo debería ir bien',                                           12, 0, 100,  1, 0, 0, 0, 0, 'Manabonk Escape - Rhonin - SAY_BEGIN_5'),
(@ENTRY+06,  6, 0, '¿Apostamos cuántos de vosotros muere por su culpa? :D',                                                 12, 0, 100,  1, 0, 0, 0, 0, 'Manabonk Escape - Rhonin - SAY_BEGIN_6'),
(@ENTRY+06,  7, 0, 'Rhonin suelta una sonora carcajada',                                                                    16, 0, 100, 11, 0, 0, 0, 0, 'Manabonk Escape - Rhonin - SAY_BEGIN_7'),
(@ENTRY+06,  8, 0, 'Rhonin se seca la lagrimilla',                                                                          16, 0, 100,  0, 0, 0, 0, 0, 'Manabonk Escape - Rhonin - SAY_BEGIN_8'),
(@ENTRY+06,  9, 0, 'Ahora, sin razón aparente, me iré para dejaros solos justo antes de que os enfrentéis a vuestro enemigo, incluso teniendo en cuenta que mi ayuda y experiencia podría impedir cualquier tipo de represalias que vuestro objetivo probablemente inicie', 12, 0, 100,  1, 0, 0, 0, 0, 'Manabonk Escape - Rhonin - SAY_BEGIN_9'),
(@ENTRY+06, 10, 0, 'Rhonin os guiña un ojo',                                                                                16, 0, 100,  0, 0, 0, 0, 0, 'Manabonk Escape - Rhonin - SAY_BEGIN_10'),
(@ENTRY+06, 11, 0, 'Ta lue!',                                                                                               14, 0, 100,  5, 0, 0, 0, 0, 'Manabonk Escape - Rhonin - SAY_BEGIN_11'),
(@ENTRY+06, 12, 0, 'Buah, de haber sabido lo que podía pasar aquí...',                                                      12, 0, 100,  1, 0, 0, 0, 0, 'Manabonk Escape - Rhonin - SAY_END_0'),
(@ENTRY+06, 13, 0, '¡Jajajjja!',                                                                                            14, 0, 100, 11, 0, 0, 0, 0, 'Manabonk Escape - Rhonin - SAY_END_1'),
(@ENTRY+06, 14, 0, 'A quien intento engañar xD',                                                                            12, 0, 100,  1, 0, 0, 0, 0, 'Manabonk Escape - Rhonin - SAY_END_2'),
(@ENTRY+06, 15, 0, 'Va, por lo menos os resucito',                                                                          12, 0, 100,  1, 0, 0, 0, 0, 'Manabonk Escape - Rhonin - SAY_END_3'),
(@ENTRY+06, 16, 0, 'Se os ha escapado... y mira que habéis trabajado para derrotarlo...',                                   12, 0, 100,  1, 0, 0, 0, 0, 'Manabonk Escape - Rhonin - SAY_END_4'),
(@ENTRY+06, 17, 0, 'Eh, eh, eh, a ver',                                                                                     12, 0, 100,  1, 0, 0, 0, 0, 'Manabonk Escape - Rhonin - SAY_END_5'),
(@ENTRY+06, 18, 0, 'No os enfadéis conmigo, que no tengo la culpa',                                                         12, 0, 100,  1, 0, 0, 0, 0, 'Manabonk Escape - Rhonin - SAY_END_6'),
(@ENTRY+06, 19, 0, 'Si no sois tan poderosos como yo, no es mi culpa',                                                      12, 0, 100,  1, 0, 0, 0, 0, 'Manabonk Escape - Rhonin - SAY_END_7'),
(@ENTRY+06, 20, 0, 'Bueno, al menos os recompenso el "esfuerzo"',                                                           12, 0, 100,  1, 0, 0, 0, 0, 'Manabonk Escape - Rhonin - SAY_END_8'),
(@ENTRY+06, 21, 0, 'Cuando vuelva a encontrar al enano, os aviso',                                                          12, 0, 100,  1, 0, 0, 0, 0, 'Manabonk Escape - Rhonin - SAY_END_9'),
(@ENTRY+06, 22, 0, 'Mientras tanto habrá que seguir aguantando el coñazo que da...',                                        12, 0, 100,  1, 0, 0, 0, 0, 'Manabonk Escape - Rhonin - SAY_END_10'),
(@ENTRY+06, 23, 0, 'Os dejo en Dalaran',                                                                                    12, 0, 100,  1, 0, 0, 0, 0, 'Manabonk Escape - Rhonin - SAY_END_11'),
(@ENTRY+06, 24, 0, 'Esto ayudará a igualar un poco las cosas con el elemental... ¡Úsalo rápido!',                           15, 0, 100,  0, 0, 0, 0, 0, 'Manabonk Escape - Rhonin - SAY_CANNON_0'),
-- Rhonin (event)
(@ENTRY+02,  0, 0, 'Te dejo en Dalaran, si quieres intentar todo el rollo de nuevo habla conmigo allí', 15, 0, 100, 0, 0, 0, 0, 0, 'Manabonk Escape - Rhonin - SAY_OUT_0'),
-- Sistema de seguridad
(@ENTRY+07, 0, 0, 'Amenaza detectada',                                                 14, 0, 100, 1, 0, 0, 0, 0, 'Manabonk Escape - Robot - SAY_DETECT_0_0'),
(@ENTRY+07, 1, 0, 'INICIALIZANDO SISTEMAS DEFENSIVOS',                                 41, 0, 100, 1, 0, 0, 0, 0, 'Manabonk Escape - Robot - SAY_DETECT_0_1'),
(@ENTRY+07, 2, 0, 'Todas las amenazas han sido procesadas, iniciando modo vigilancia', 12, 0, 100, 1, 0, 0, 0, 0, 'Manabonk Escape - Robot - SAY_RESET_0'),
(@ENTRY+07, 3, 0, 'Amenaza exterminada',                                               12, 0, 100, 1, 0, 0, 0, 0, 'Manabonk Escape - Robot - SAY_ESCAPE_TERMINATED_0'),
(@ENTRY+07, 4, 0, "Las medidas defensivas de la amenaza '$N' han sido neutralizadas",    12, 0, 100, 1, 0, 0, 0, 0, 'Manabonk Escape - Robot - SAY_ESCAPE_REMOVE_0'),
-- Sistema de seguridad (trigger)
(@ENTRY+18, 0, 0, 'Los protocolos de movimiento se encuentran actualmente inactivos, imposible acatar esa orden', 12, 0, 100, 1, 0, 0, 0, 0, 'Manabonk Escape - Robot (trigger) - SAY_ANSWER_0'),
-- Cristiano Ronaldo
(@ENTRY+08, 0, 0, 'Lo del dinero lo lleva mi marido',        12, 0, 100,  1, 0, 0, 0, 0, 'Manabonk Escape - Cristiano Ronaldo - SAY_CRY_0_0'),
(@ENTRY+08, 0, 1, 'Estoy triste, muy triste...',             12, 0, 100,  1, 0, 0, 0, 0, 'Manabonk Escape - Cristiano Ronaldo - SAY_CRY_0_1'),
(@ENTRY+08, 0, 2, 'Qué injusticia',                          12, 0, 100,  1, 0, 0, 0, 0, 'Manabonk Escape - Cristiano Ronaldo - SAY_CRY_0_3'),
(@ENTRY+08, 1, 0, '¡FODA-SE!',                               14, 0, 100,  5, 0, 0, 0, 0, 'Manabonk Escape - Cristiano Ronaldo - SAY_SUFFER_0'),
(@ENTRY+08, 2, 0, '¡SIIIIIUUUUUUUUUUUUUUUUUUUUUUUUUUUUUUU!', 14, 0, 100, 15, 0, 0, 0, 0, 'Manabonk Escape - Cristiano Ronaldo - SAY_JOY_0'),
-- Rhonin Teleport 1
(@ENTRY+03, 0, 0, '¡Ah! Sí, sí, perdona, voy', 12, 0, 100,  1, 0, 0, 0, 0, 'Manabonk Escape - Rhonin Teleport 1 - SAY_SORRY_0'),
(@ENTRY+03, 1, 0, '¡Jajajajajajaja!',          14, 0, 100, 11, 0, 0, 0, 0, 'Manabonk Escape - Rhonin Teleport 1 - SAY_SORRY_1'),
(@ENTRY+03, 2, 0, 'Ya no hay vuelta atrás :D', 12, 0, 100,  1, 0, 0, 0, 0, 'Manabonk Escape - Rhonin Teleport 1 - SAY_SORRY_2'),
-- Amador
(@ENTRY+09, 0, 0, '¡¡Eeeh!! ¡Pivitas del mundo!',                         14, 0, 100, 5, 0, 0, 0, 0, 'Manabonk Escape - Amador - SAY_AMADOR_0_0'),
(@ENTRY+09, 0, 1, '¡¡DESCAPOTAOOOOOOOOO!!',                               14, 0, 100, 5, 0, 0, 0, 0, 'Manabonk Escape - Amador - SAY_AMADOR_0_1'),
(@ENTRY+09, 0, 2, '¡Merengue, Merengue!',                                 14, 0, 100, 5, 0, 0, 0, 0, 'Manabonk Escape - Amador - SAY_AMADOR_0_2'),
(@ENTRY+09, 0, 3, '¡Armai!',                                              14, 0, 100, 5, 0, 0, 0, 0, 'Manabonk Escape - Amador - SAY_AMADOR_0_3'),
(@ENTRY+09, 0, 4, 'Tu lo que quieres es un poco de mandanga de la buena', 12, 0, 100, 1, 0, 0, 0, 0, 'Manabonk Escape - Amador - SAY_AMADOR_0_4'),
(@ENTRY+09, 0, 5, '¿Echamos un pinchito?',                                12, 0, 100, 1, 0, 0, 0, 0, 'Manabonk Escape - Amador - SAY_AMADOR_0_5'),
-- Fermin Trujillo
(@ENTRY+13, 0, 0, 'Con lo agustito que estaba yo en Aquí no hay quien viva...',     12, 0, 100, 1, 0, 0, 0, 0, 'Manabonk Escape - Fermin - SAY_FERMIN_0_0'),
(@ENTRY+13, 0, 1, 'Viva el alto - standing....',                                    12, 0, 100, 1, 0, 0, 0, 0, 'Manabonk Escape - Fermin - SAY_FERMIN_0_1'),
(@ENTRY+13, 0, 2, "No me toca una mujer normal... Toas las locas'l coño pa mi...'", 12, 0, 100, 1, 0, 0, 0, 0, 'Manabonk Escape - Fermin - SAY_FERMIN_0_2'),
(@ENTRY+13, 0, 3, '¡Sardinas! ¡Sardinas! ¡Espetos para todos!',                     14, 0, 100, 5, 0, 0, 0, 0, 'Manabonk Escape - Fermin - SAY_FERMIN_0_3'),
(@ENTRY+13, 0, 4, '¡Sardinas! ¡Sardinas! ¡Espetos para todos!',                     14, 0, 100, 5, 0, 0, 0, 0, 'Manabonk Escape - Fermin - SAY_FERMIN_0_4'),
-- Pivón
(@ENTRY+10, 0, 0, 'Ufff, qué calor...',                                            12, 0, 100, 0, 0, 0, 0, 0, 'Manabonk Escape - Pivón - SAY_PIVON_0_0'),
(@ENTRY+10, 0, 1, 'Quién me echará esta crema por la espalda...',                  12, 0, 100, 0, 0, 0, 0, 0, 'Manabonk Escape - Pivón - SAY_PIVON_0_1'),
(@ENTRY+10, 0, 2, 'Hay que ver lo mal que se ha puesto esta parte de la playa...', 12, 0, 100, 0, 0, 0, 0, 0, 'Manabonk Escape - Pivón - SAY_PIVON_0_2'),
(@ENTRY+10, 0, 3, 'Creo que me vuelvo a las playas de Tuercespina...',             12, 0, 100, 0, 0, 0, 0, 0, 'Manabonk Escape - Pivón - SAY_PIVON_0_3'),
(@ENTRY+10, 0, 4, 'Necesito una toalla para quitarme todo este sudor..',           12, 0, 100, 0, 0, 0, 0, 0, 'Manabonk Escape - Pivón - SAY_PIVON_0_4'),
-- Rhonin Teleport 2
(@ENTRY+04, 0, 0, 'Va... va...', 12, 0, 100, 1, 0, 0, 0, 0, 'Manabonk Escape - Rhonin Teleport 2 - SAY_VOY_0'),
-- Rhonin Teleport 3
(@ENTRY+05, 0, 0, 'Sí, será lo mejor', 12, 0, 100, 1, 0, 0, 0, 0, 'Manabonk Escape - Rhonin Teleport 2 - SAY_VAMONOS_0'),
-- Illidan
(@ENTRY+14, 0, 0, '¿¡Cómo te atreves a dirigirte a mí?!',                                                    14, 0, 100, 5, 0, 0, 0, 0, 'Manabonk Escape - Illidan - SAY_ILLIDAN_0_0'),
(@ENTRY+14, 0, 1, 'Detuve a la Legión con mis propias manos... ¡Un pequeño principito no es rival para mí!', 14, 0, 100, 5, 0, 0, 0, 0, 'Manabonk Escape - Illidan - SAY_ILLIDAN_0_1'),
(@ENTRY+14, 0, 2, 'Si hay algo que aprendí en prsión... además de no tirar el jabón... fue a sobrevivir',    12, 0, 100, 1, 0, 0, 0, 0, 'Manabonk Escape - Illidan - SAY_ILLIDAN_0_2'),
(@ENTRY+14, 0, 3, '¡NO ESTÁS PREPARADO!',                                                                    14, 0, 100, 5, 0, 0, 0, 0, 'Manabonk Escape - Illidan - SAY_ILLIDAN_0_3'),
-- Rey Exánime
(@ENTRY+15, 0, 0, '¡Un simple cazador no es nadie frente a un Rey!',                             14, 0, 100, 5, 0, 0, 0, 0, 'Manabonk Escape - Rey Exánime - SAY_ARTHAS_0_0'),
(@ENTRY+15, 0, 1, '¡Yo te mostraré cuál es el verdadero poder!',                                 14, 0, 100, 5, 0, 0, 0, 0, 'Manabonk Escape - Rey Exánime - SAY_ARTHAS_0_1'),
(@ENTRY+15, 0, 2, 'Enfréntate a mí... Tu alma será una gran adquisición...',                     12, 0, 100, 1, 0, 0, 0, 0, 'Manabonk Escape - Rey Exánime - SAY_ARTHAS_0_2'),
(@ENTRY+15, 0, 3, 'Ya te gané una vez... me aseguraré de que ahora por fin aprendas la lección', 12, 0, 100, 1, 0, 0, 0, 0, 'Manabonk Escape - Rey Exánime - SAY_ARTHAS_0_3'),
-- Caballero de la muerte
(@ENTRY+11, 0, 0, '¡Destruiremos a ese maldito demonio!',     14, 0, 100, 5, 0, 0, 0, 0, 'Manabonk Escape - Caballero de la muerte - SAY_DK_0_0'),
(@ENTRY+11, 0, 1, '¡No eres nadie delante del Rey Exánime!',  14, 0, 100, 5, 0, 0, 0, 0, 'Manabonk Escape - Caballero de la muerte - SAY_DK_0_1'),
(@ENTRY+11, 0, 2, '¡Arrodillaos ante vuestro verdadero Rey!', 14, 0, 100, 5, 0, 0, 0, 0, 'Manabonk Escape - Caballero de la muerte - SAY_DK_0_2'),
-- Campeón Illidari
(@ENTRY+12, 0, 0, '¡Nuestro señor os dará justicia!',               14, 0, 100, 5, 0, 0, 0, 0, 'Manabonk Escape - Campeón Illidari - SAY_ILLIDARI_0_0'),
(@ENTRY+12, 0, 1, '¡Nadie escapa de la ira del maestro!',           14, 0, 100, 5, 0, 0, 0, 0, 'Manabonk Escape - Campeón Illidari - SAY_ILLIDARI_0_1'),
(@ENTRY+12, 0, 2, 'Infames criaturas... ¡Vuestra hora ha llegado!', 14, 0, 100, 5, 0, 0, 0, 0, 'Manabonk Escape - Campeón Illidari - SAY_ILLIDARI_0_2'),
-- Rhonin (trigger)
(@ENTRY+16, 0, 0, 'Una pequeña ayuda... pero tampoco os acostumbréis ;)', 15, 0, 100, 0, 0, 0, 0, 0, 'Manabonk Escape - Rhonin (trigger) - SAY_RESURRECT_0');

-- npc_text
DELETE FROM `npc_text` WHERE `ID` BETWEEN @ENTRY+00 AND @ENTRY+05;
INSERT INTO `npc_text` (`ID`, `text0_0`, `text0_1`, `BroadcastTextID0`, `lang0`, `probability0`, `em0_0`, `em0_1`, `em0_2`, `em0_3`, `em0_4`, `em0_5`, `text1_0`, `text1_1`, `lang1`, `probability1`, `em1_0`, `em1_1`, `em1_2`, `em1_3`, `em1_4`, `em1_5`, `text2_0`, `text2_1`, `lang2`, `probability2`, `em2_0`, `em2_1`, `em2_2`, `em2_3`, `em2_4`, `em2_5`, `text3_0`, `text3_1`, `lang3`, `probability3`, `em3_0`, `em3_1`, `em3_2`, `em3_3`, `em3_4`, `em3_5`, `text4_0`, `text4_1`, `lang4`, `probability4`, `em4_0`, `em4_1`, `em4_2`, `em4_3`, `em4_4`, `em4_5`, `text5_0`, `text5_1`, `lang5`, `probability5`, `em5_0`, `em5_1`, `em5_2`, `em5_3`, `em5_4`, `em5_5`, `text6_0`, `text6_1`, `lang6`, `probability6`, `em6_0`, `em6_1`, `em6_2`, `em6_3`, `em6_4`, `em6_5`, `text7_0`, `text7_1`, `lang7`, `probability7`, `em7_0`, `em7_1`, `em7_2`, `em7_3`, `em7_4`, `em7_5`) VALUES
(@ENTRY+00, '$BSi no me llamara Cristiano no estaría aquí.',                                               '',0,0,1,0,0,0,0,0,0,'','',0,0,0,0,0,0,0,0,'','',0,0,0,0,0,0,0,0,'','',0,0,0,0,0,0,0,0,'','',0,0,0,0,0,0,0,0,'','',0,0,0,0,0,0,0,0,'','',0,0,0,0,0,0,0,0,'','',0,0,0,0,0,0,0,0),
(@ENTRY+01, '$B¿Qué habrá hecho este para acabar aquí?...$B$B$B¿Por qué tengo los pies debajo del suelo?', '',0,0,1,0,0,0,0,0,0,'','',0,0,0,0,0,0,0,0,'','',0,0,0,0,0,0,0,0,'','',0,0,0,0,0,0,0,0,'','',0,0,0,0,0,0,0,0,'','',0,0,0,0,0,0,0,0,'','',0,0,0,0,0,0,0,0,'','',0,0,0,0,0,0,0,0),
(@ENTRY+02, '$BNecesitaba unas vacaciones...',                                                             '',0,0,1,0,0,0,0,0,0,'','',0,0,0,0,0,0,0,0,'','',0,0,0,0,0,0,0,0,'','',0,0,0,0,0,0,0,0,'','',0,0,0,0,0,0,0,0,'','',0,0,0,0,0,0,0,0,'','',0,0,0,0,0,0,0,0,'','',0,0,0,0,0,0,0,0),
(@ENTRY+03, '$BSe ve que la fuerza de esos dos nos ha desviado.',                                          '',0,0,1,0,0,0,0,0,0,'','',0,0,0,0,0,0,0,0,'','',0,0,0,0,0,0,0,0,'','',0,0,0,0,0,0,0,0,'','',0,0,0,0,0,0,0,0,'','',0,0,0,0,0,0,0,0,'','',0,0,0,0,0,0,0,0,'','',0,0,0,0,0,0,0,0),
(@ENTRY+04, '$BCreo que estamos por fin en el lugar correcto.',                                            '',0,0,1,0,0,0,0,0,0,'','',0,0,0,0,0,0,0,0,'','',0,0,0,0,0,0,0,0,'','',0,0,0,0,0,0,0,0,'','',0,0,0,0,0,0,0,0,'','',0,0,0,0,0,0,0,0,'','',0,0,0,0,0,0,0,0,'','',0,0,0,0,0,0,0,0),
(@ENTRY+05, '$B¿Tú que haces aquí?$B$B¿No deberías estar dándote de tortas con el resto?',                 '',0,0,1,0,0,0,0,0,0,'','',0,0,0,0,0,0,0,0,'','',0,0,0,0,0,0,0,0,'','',0,0,0,0,0,0,0,0,'','',0,0,0,0,0,0,0,0,'','',0,0,0,0,0,0,0,0,'','',0,0,0,0,0,0,0,0,'','',0,0,0,0,0,0,0,0);

-- gossip_menu_option
DELETE FROM `gossip_menu_option` WHERE `MenuID`=10140 and`OptionID`=0;
INSERT INTO `gossip_menu_option` (`MenuID`, `OptionID`, `OptionIcon`, `OptionText`, `OptionType`, `OptionNpcFlag`) VALUES
(10140, 0, 9, '¡TENEMOS SED DE SANGRE!', 1, 1);

DELETE FROM `gossip_menu_option` WHERE `MenuID` BETWEEN @ENTRY+00 AND @ENTRY+05;
INSERT INTO `gossip_menu_option` (`MenuID`, `OptionID`, `OptionIcon`, `OptionText`, `OptionBroadcastTextID`, `OptionType`, `OptionNpcFlag`, `ActionMenuID`, `ActionPoiID`, `BoxCoded`, `BoxMoney`, `BoxText`) VALUES
(@ENTRY+00, 0, 0, '¡SIUUUUUUUUUUUUUUUUUUUU!',                                                          0, 1, 1, 0, 0, 0, 0, ''),
(@ENTRY+00, 1, 0, 'A Messi le han perdonado',                                                          0, 1, 1, 0, 0, 0, 0, ''),
(@ENTRY+01, 0, 0, 'Ermmm... Creo que este no es Manacapón.',                                           0, 1, 1, 0, 0, 0, 0, ''),
(@ENTRY+01, 1, 0, 'Tu sabes de magia lo que yo de arameo. Esto es muy peligroso, ¡sácame de aquí ya!', 0, 1, 1, 0, 0, 0, 0, ''),
(@ENTRY+02, 0, 0, 'Cucha... No había que matar a un gnomo... ¿O algo?',                                0, 1, 1, 0, 0, 0, 0, ''),
(@ENTRY+03, 0, 0, 'Vámonos de aquí antes de que se lien a hostias.',                                   0, 1, 1, 0, 0, 0, 0, ''),
(@ENTRY+04, 0, 9, 'Va, al lío.',                                                                       0, 1, 1, 0, 0, 0, 0, ''),
(@ENTRY+04, 1, 0, '¿Esto qué es? Sácame de aquí t.t',                                                  0, 1, 1, 0, 0, 0, 0, ''),
(@ENTRY+05, 0, 0, 'Nah, que me he liado.',                                                             0, 1, 1, 0, 0, 0, 0, '');

-- gossip_menu
DELETE FROM `gossip_menu` WHERE `MenuID` BETWEEN @ENTRY+00 AND @ENTRY+05;
INSERT INTO `gossip_menu` (`MenuID`, `TextID`) VALUES
(@ENTRY+00, ENTRY+00),
(@ENTRY+01, ENTRY+01),
(@ENTRY+02, ENTRY+02),
(@ENTRY+03, ENTRY+03),
(@ENTRY+04, ENTRY+04),
(@ENTRY+05, ENTRY+05);
